E, l0, l1, l2, l3, l4, l5, l6
0.002373, -2.367647, 0.162693, 0.008082, 0.000728, 0.000086, 0.000009, 0.000001
0.003559, -2.491080, -2.878984, 0.017557, 0.001925, 0.000321, 0.000050, 0.000006
0.004746, -2.596953, -2.791356, 0.029923, 0.003581, 0.000713, 0.000152, 0.000026
0.005932, -2.690362, -2.721788, 0.044860, 0.005667, 0.001215, 0.000320, 0.000071
0.007119, 0.367105, -2.670445, -3.079655, 0.008233, 0.001791, 0.000540, 0.000150
0.008305, 0.290137, -2.634907, -3.060938, 0.011323, 0.002443, 0.000786, 0.000259
0.009492, 0.218851, -2.612190, -3.041045, 0.014927, 0.003203, 0.001040, 0.000391
0.010678, 0.152210, 0.541984, -3.020348, -3.122610, 0.004110, 0.001303, 0.000530
0.011864, 0.089478, 0.546611, -2.999139, -3.118184, 0.005183, 0.001590, 0.000667
0.013051, 0.030123, 0.545008, -2.977676, -3.113452, 0.006416, 0.001923, 0.000794
0.014237, -0.026258, 0.538546, -2.956223, -3.108449, -3.133814, 0.002328, 0.000916
0.015424, -0.079989, 0.528315, -2.935066, -3.103173, -3.132362, 0.002818, 0.001042
0.016610, -0.131342, 0.515185, 0.227094, -3.097605, -3.130858, 0.003395, 0.001189
0.017797, -0.180563, 0.499840, 0.246797, -3.091722, -3.129324, -3.137547, 0.001371
0.018983, 2.913720, 0.482812, 0.265410, -3.085514, -3.127767, -3.136844, 0.001601
0.020169, 2.868122, 0.464500, 0.282767, -3.078993, -3.126175, -3.136111, 0.001885
0.021356, 2.824060, 0.445202, 0.298773, -3.072196, -3.124525, -3.135371, 0.002219
0.022542, 2.781380, -2.716455, 0.313388, 0.076419, -3.122792, -3.134635, -3.138999
0.023729, 2.739956, -2.737126, 0.326616, 0.083603, -3.120952, -3.133907, -3.138596
0.024915, 2.699684, -2.758281, 0.338482, 0.090891, -3.118993, -3.133181, -3.138183
0.026102, 2.660482, -2.779823, 0.349024, 0.098232, -3.116915, -3.132440, -3.137775
0.027288, 2.622285, -2.801669, 0.358279, 0.105589, 0.026866, -3.131666, -3.137382
0.028475, 2.585040, -2.823745, 0.366279, 0.112939, 0.029142, -3.130837, -3.137012
0.029661, 2.548703, -2.845980, -2.768539, 0.120273, 0.031482, -3.129937, -3.136663
0.030847, 2.513236, -2.868311, -2.762961, 0.127588, 0.033861, -3.128953, -3.136331
0.032034, 2.478599, -2.890676, -2.758546, 0.134882, 0.036256, -3.127881, -3.136004
0.033220, 2.444754, -2.913025, -2.755253, 0.142153, 0.038652, -3.126723, -3.135669
0.034407, 2.411661, -2.935311, -2.753035, 0.149390, 0.041041, 0.016105, -3.135313
0.035593, -0.762314, -2.957501, -2.751833, 0.156575, 0.043425, 0.017407, -3.134922
0.036780, -0.794030, -2.979568, -2.751579, -2.977911, 0.045809, 0.018759, -3.134487
0.037966, -0.825121, -3.001496, -2.752204, -2.970914, 0.048205, 0.020149, -3.134002
0.039153, -0.855630, 0.118316, -2.753634, -2.964063, 0.050626, 0.021565, -3.133467
0.040339, -0.885594, 0.096685, -2.755797, -2.957392, 0.053083, 0.023002, 0.008708
0.041525, -0.915049, 0.075201, -2.758626, -2.950936, 0.055585, 0.024458, 0.009330
0.042712, -0.944026, 0.053857, -2.762061, -2.944719, 0.058135, 0.025938, 0.009982
0.043898, -0.972549, 0.032649, -2.766051, -2.938762, 0.060731, 0.027449, 0.010652
0.045085, -1.000641, 0.011569, -2.770550, -2.933076, -3.078227, 0.029003, 0.011329
0.046271, -1.028317, -0.009385, 0.366069, -2.927666, -3.075564, 0.030616, 0.012005
0.047458, -1.055589, -0.030216, 0.360651, -2.922530, -3.072889, 0.032301, 0.012672
0.048644, -1.082466, -0.050923, 0.354811, -2.917661, -3.070218, 0.034072, 0.013326
0.049830, -1.108956, -0.071500, 0.348570, -2.913052, -3.067567, 0.035941, 0.013966
0.051017, -1.135064, -0.091944, 0.341947, -2.908694, -3.064950, 0.037917, 0.014597
0.052203, -1.160796, -0.112245, 0.334958, -2.904580, -3.062379, 0.040003, 0.015222
0.053390, -1.186158, -0.132396, 0.327624, -2.900705, -3.059860, -3.099390, 0.015851
0.054576, -1.211158, -0.152388, 0.319963, -2.897069, -3.057398, -3.097078, 0.016492
0.055763, -1.235804, -0.172215, 0.311998, 0.247920, -3.054993, -3.094658, 0.017155
0.056949, -1.260106, -0.191872, 0.303751, 0.251070, -3.052639, -3.092134, 0.017848
0.058136, 1.857515, -0.211353, 0.295248, 0.253966, -3.050332, -3.089510, 0.018577
0.059322, 1.833862, -0.230659, 0.286514, 0.256602, -3.048065, -3.086790, 0.019349
0.060508, 1.810513, -0.249790, 0.277573, 0.258967, -3.045829, -3.083975, 0.020166
0.061695, 1.787452, 2.872844, 0.268450, 0.261054, -3.043617, -3.081064, 0.021029
0.062881, 1.764665, 2.854051, 0.259169, 0.262860, -3.041426, -3.078051, -3.119659
0.064068, 1.742137, 2.835417, 0.249748, 0.264380, -3.039253, -3.074929, -3.118716
0.065254, 1.719854, 2.816935, 0.240206, 0.265617, -3.037098, -3.071685, -3.117741
0.066441, 1.697805, 2.798596, 0.230557, 0.266573, 0.106630, -3.068303, -3.116741
0.067627, 1.675978, 2.780392, 0.220814, 0.267257, 0.108738, -3.064765, -3.115724
0.068814, 1.654364, 2.762314, -2.930609, 0.267679, 0.110812, -3.061050, -3.114696
0.070000, 1.632957, 2.744356, -2.940519, 0.267850, 0.112844, -3.057136, -3.113664
0.071186, 1.611751, 2.726511, -2.950506, 0.267784, 0.114822, -3.052996, -3.112633
0.072373, 1.590742, 2.708777, -2.960568, 0.267494, 0.116738, -3.048607, -3.111605
0.073559, 1.569928, 2.691149, -2.970703, 0.266994, 0.118581, -3.043942, -3.110581
0.074746, 1.549309, 2.673627, -2.980912, 0.266297, 0.120346, -3.038975, -3.109562
0.075932, 1.528883, 2.656211, -2.991194, 0.265412, 0.122024, -3.033679, -3.108543
0.077119, 1.508652, 2.638903, -3.001548, 0.264350, 0.123614, 0.113569, -3.107522
0.078305, 1.488616, 2.621704, -3.011974, 0.263117, 0.125113, 0.119612, -3.106491
0.079491, 1.468775, 2.604619, -3.022468, -2.879875, 0.126523, 0.126076, -3.105445
0.080678, 1.449128, 2.587651, -3.033027, -2.881437, 0.127845, 0.133001, -3.104377
0.081864, 1.429675, 2.570803, -3.043647, -2.883162, 0.129085, 0.140427, -3.103281
0.083051, 1.410414, 2.554078, -3.054320, -2.885049, 0.130248, 0.148408, -3.102150
0.084237, 1.391342, 2.537479, -3.065039, -2.887099, 0.131339, 0.157003, -3.100981
0.085424, -1.769138, 2.521007, -3.075798, -2.889313, 0.132366, 0.166285, -3.099770
0.086610, -1.787844, 2.504662, -3.086587, -2.891693, 0.133333, 0.176342, -3.098513
0.087797, -1.806376, 2.488445, -3.097398, -2.894239, 0.134247, 0.187282, 0.044380
0.088983, -1.824740, -0.669238, -3.108222, -2.896950, 0.135110, 0.199234, 0.045725
0.090169, -1.842943, -0.685206, -3.119052, -2.899827, 0.135925, 0.212355, 0.047112
0.091356, -1.860991, -0.701055, -3.129881, -2.902864, 0.136692, 0.226837, 0.048536
0.092542, -1.878893, -0.716789, -3.140703, -2.906059, -3.004181, 0.242915, 0.049995
0.093729, -1.896656, -0.732413, 3.131673, -2.909405, -3.003512, 0.260876, 0.051481
0.094915, -1.914286, -0.747933, 3.120880, -2.912896, -3.002896, 0.281075, 0.052991
0.096102, -1.931789, -0.763354, -0.031487, -2.916523, -3.002340, 0.303957, 0.054519
0.097288, -1.949172, -0.778682, -0.042242, -2.920279, -3.001847, 0.330075, 0.056061
0.098475, -1.966438, -0.793923, -0.052977, -2.924154, -3.001423, 0.360136, 0.057613
0.099661, -1.983592, -0.809081, -0.063694, -2.928138, -3.001074, 0.395043, 0.059173
0.100847, -2.000636, -0.824161, -0.074394, -2.932223, -3.000805, -2.705632, 0.060739
0.102034, -2.017573, -0.839166, -0.085080, -2.936401, -3.000620, -2.657185, 0.062311
0.103220, -2.034404, -0.854098, -0.095754, -2.940663, -3.000521, -2.599229, 0.063889
0.104407, -2.051127, -0.868960, -0.106421, -2.945004, -3.000512, -2.529192, 0.065477
0.105593, -2.067744, -0.883753, -0.117082, -2.949416, -3.000593, -2.443813, 0.067078
0.106780, -2.084253, -0.898476, -0.127740, -2.953897, -3.000763, -2.339174, 0.068695
0.107966, -2.100653, -0.913128, -0.138398, 0.183150, -3.001020, -2.211133, 0.070335
0.109152, -2.116942, -0.927709, -0.149057, 0.178541, -3.001362, -2.056630, 0.072001
0.110339, -2.133119, -0.942216, -0.159718, 0.173870, -3.001784, -1.876209, 0.073700
0.111525, -2.149181, -0.956647, -0.170381, 0.169137, -3.002283, -1.676955, 0.075436
0.112712, -2.165129, -0.971000, -0.181045, 0.164341, -3.002851, -1.472820, 0.077214
0.113898, -2.180960, -0.985271, -0.191709, 0.159479, -3.003485, -1.279844, 0.079039
0.115085, -2.196674, -0.999459, -0.202369, 0.154552, -3.004179, -1.109489, 0.080914
0.116271, -2.212273, -1.013562, -0.213024, 0.149556, -3.004927, 2.175667, 0.082840
0.117458, 0.913837, -1.027577, -0.223669, 0.144491, -3.005726, 2.293726, -3.056773
0.118644, 0.898468, -1.041504, -0.234301, 0.139354, -3.006571, 2.390010, -3.054740
0.119830, 0.883212, -1.055342, -0.244915, 0.134145, -3.007459, 2.468665, -3.052655
0.121017, 0.868064, 2.072503, -0.255508, 0.128864, 0.133203, 2.533364, -3.050518
0.122203, 0.853022, 2.058843, -0.266076, 0.123511, 0.132233, 2.587083, -3.048333
0.123390, 0.838083, 2.045270, -0.276614, 0.118087, 0.131222, 2.632136, -3.046102
0.124576, 0.823242, 2.031782, -0.287119, 0.112596, 0.130169, 2.670300, -3.043828
0.125763, 0.808495, 2.018377, -0.297589, 0.107039, 0.129073, 2.702937, -3.041517
0.126949, 0.793837, 2.005052, -0.308021, 0.101420, 0.127932, 2.731094, -3.039170
0.128136, 0.779265, 1.991802, -0.318414, 0.095744, 0.126741, 2.755586, -3.036791
0.129322, 0.764773, 1.978625, 2.812826, 0.090016, 0.125499, 2.777049, -3.034382
0.130508, 0.750358, 1.965516, 2.802515, 0.084240, 0.124201, 2.795989, -3.031947
0.131695, 0.736017, 1.952472, 2.792243, 0.078421, 0.122845, 2.812809, -3.029486
0.132881, 0.721745, 1.939489, 2.782009, 0.072566, 0.121427, 2.827834, -3.026999
0.134068, 0.707539, 1.926563, 2.771813, 0.066678, 0.119944, 2.841330, -3.024487
0.135254, 0.693399, 1.913690, 2.761651, 0.060764, 0.118396, 2.853513, -3.021947
0.136441, 0.679322, 1.900868, 2.751522, 0.054826, 0.116779, 2.864563, -3.019378
0.137627, 0.665307, 1.888095, 2.741421, 0.048870, 0.115095, 2.874629, -3.016775
0.138813, 0.651353, 1.875368, 2.731347, 0.042899, 0.113343, 2.883835, -3.014136
0.140000, 0.637460, 1.862686, 2.721295, -3.104679, 0.111524, -0.249308, -3.011455
0.141186, 0.623630, 1.850048, 2.711264, -3.110675, 0.109640, -0.241526, -3.008728
0.142373, 0.609862, 1.837454, 2.701251, -3.116681, 0.107694, -0.234339, -3.005950
0.143559, 0.596159, 1.824904, 2.691252, -3.122697, 0.105689, -0.227685, -3.003115
0.144746, 0.582522, 1.812399, 2.681267, -3.128724, 0.103628, -0.221511, -3.000217
0.145932, 0.568952, 1.799940, 2.671293, -3.134762, 0.101516, -0.215773, -2.997253
0.147119, 0.555451, 1.787529, 2.661330, -3.140812, 0.099358, -0.210432, -2.994217
0.148305, 0.542022, 1.775167, 2.651377, 3.136308, 0.097156, -0.205457, -2.991105
0.149491, 0.528666, 1.762857, 2.641434, 3.130227, 0.094916, -0.200818, -2.987914
0.150678, 0.515384, 1.750602, 2.631503, 3.124126, 0.092642, -0.196493, 0.156950
0.151864, 0.502178, 1.738402, 2.621584, 3.118005, 0.090337, -0.192459, 0.160306
0.153051, 0.489048, 1.726260, 2.611679, 3.111860, 0.088005, -0.188698, 0.163746
0.154237, 0.475996, 1.714178, 2.601789, 3.105689, 0.085648, -0.185192, 0.167272
0.155424, -2.678571, 1.702158, 2.591918, 3.099491, -3.058325, -0.181925, 0.170882
0.156610, -2.691468, 1.690200, 2.582068, 3.093265, -3.060726, -0.178883, 0.174577
0.157797, -2.704290, 1.678307, 2.572242, 3.087009, -3.063148, -0.176052, 0.178354
0.158983, -2.717036, -1.475115, 2.562442, 3.080724, -3.065591, -0.173419, 0.182214
0.160169, -2.729708, -1.486880, 2.552671, 3.074409, -3.068056, -0.170970, 0.186153
0.161356, -2.742309, -1.498580, 2.542932, 3.068066, -3.070543, -0.168694, 0.190171
0.162542, -2.754841, -1.510218, 2.533227, 3.061695, -3.073054, -0.166579, 0.194267
0.163729, -2.767306, -1.521793, 2.523558, 3.055298, -3.075592, -0.164612, 0.198439
0.164915, -2.779708, -1.533308, 2.513927, 3.048878, -3.078159, -0.162782, 0.202686
0.166102, -2.792049, -1.544765, -0.637257, 3.042437, -3.080758, -0.161080, 0.207010
0.167288, -2.804333, -1.556166, -0.646808, 3.035978, -3.083391, -0.159493, 0.211411
0.168474, -2.816563, -1.567514, -0.656320, 3.029505, -3.086060, -0.158014, 0.215891
0.169661, -2.828741, -1.578812, -0.665790, 3.023021, -3.088768, -0.156632, 0.220451
0.170847, -2.840871, -1.590062, -0.675221, 3.016529, -3.091518, -0.155339, 0.225097
0.172034, -2.852955, -1.601268, -0.684613, 3.010033, -3.094311, -0.154129, 0.229831
0.173220, -2.864996, -1.612433, -0.693968, 3.003535, -3.097148, -0.152993, 0.234660
0.174407, -2.876997, -1.623558, -0.703287, 2.997040, -3.100030, 2.989665, 0.239588
0.175593, -2.888958, -1.634648, -0.712573, 2.990549, -3.102957, 2.990667, 0.244622
0.176780, -2.900881, -1.645704, -0.721828, 2.984065, -3.105930, 2.991607, 0.249770
0.177966, -2.912768, -1.656728, -0.731055, -0.164003, -3.108946, 2.992490, 0.255038
0.179152, -2.924618, -1.667723, -0.740255, -0.170468, -3.112006, 2.993318, 0.260435
0.180339, -2.936432, -1.678689, -0.749433, -0.176921, -3.115106, 2.994091, 0.265969
0.181525, -2.948210, -1.689628, -0.758589, -0.183363, -3.118245, 2.994811, 0.271647
0.182712, -2.959951, -1.700539, -0.767728, -0.189793, -3.121420, 2.995477, 0.277477
0.183898, -2.971655, -1.711424, -0.776851, -0.196211, -3.124627, 2.996090, 0.283467
0.185085, -2.983319, -1.722282, -0.785960, -0.202620, -3.127864, 2.996647, 0.289625
0.186271, -2.994943, -1.733112, -0.795057, -0.209019, -3.131127, 2.997149, -2.845635
0.187458, -3.006525, -1.743913, -0.804143, -0.215411, -3.134413, 2.997594, -2.839122
0.188644, -3.018063, -1.754685, -0.813219, -0.221798, -3.137719, 2.997980, -2.832422
0.189830, -3.029556, -1.765425, -0.822286, -0.228181, -3.141041, 2.998307, -2.825529
0.191017, -3.041000, -1.776131, -0.831344, -0.234564, 3.138810, 2.998573, -2.818439
0.192203, -3.052396, -1.786803, -0.840393, -0.240948, 3.135464, 2.998777, -2.811147
0.193390, -3.063741, -1.797438, -0.849432, -0.247335, -0.009482, 2.998919, -2.803649
0.194576, -3.075033, -1.808033, -0.858460, -0.253729, -0.012843, 2.999000, -2.795940
0.195763, -3.086271, -1.818588, -0.867475, -0.260131, -0.016209, 2.999019, -2.788018
0.196949, 0.044138, -1.829099, -0.876477, -0.266543, -0.019578, 2.998978, -2.779878
0.198135, 0.033010, -1.839566, -0.885463, -0.272966, -0.022952, 2.998878, -2.771516
0.199322, 0.021938, -1.849988, -0.894431, -0.279402, -0.026330, 2.998721, -2.762929
0.200508, 0.010922, -1.860361, -0.903379, -0.285851, -0.029712, 2.998509, -2.754112
0.201695, -0.000039, 1.270906, -0.912304, -0.292314, -0.033100, 2.998245, -2.745060
0.202881, -0.010944, 1.260629, -0.921206, -0.298791, -0.036495, 2.997932, -2.735768
0.204068, -0.021795, 1.250402, -0.930080, -0.305281, -0.039898, 2.997575, -2.726227
0.205254, -0.032594, 1.240224, -0.938925, -0.311784, -0.043313, 2.997175, -2.716432
0.206441, -0.043341, 1.230094, -0.947740, -0.318298, -0.046740, 2.996737, -2.706374
0.207627, -0.054039, 1.220013, -0.956522, -0.324822, -0.050182, 2.996266, -2.696042
0.208813, -0.064689, 1.209979, 2.176323, -0.331354, -0.053642, 2.995763, -2.685427
0.210000, -0.075294, 1.199990, 2.167610, -0.337891, -0.057123, 2.995234, -2.674516
0.211186, -0.085857, 1.190045, 2.158933, -0.344432, -0.060625, 2.994681, -2.663297
0.212373, -0.096380, 1.180142, 2.150293, -0.350974, -0.064152, 2.994108, -2.651755
0.213559, -0.106865, 1.170279, 2.141689, -0.357514, -0.067705, -0.148076, -2.639876
0.214746, -0.117315, 1.160453, 2.133121, -0.364050, -0.071286, -0.148683, -2.627645
0.215932, -0.127732, 1.150662, 2.124588, -0.370578, -0.074895, -0.149304, -2.615044
0.217119, -0.138120, 1.140904, 2.116091, -0.377097, -0.078535, -0.149937, -2.602057
0.218305, -0.148479, 1.131176, 2.107626, -0.383605, -0.082204, -0.150582, -2.588667
0.219491, -0.158812, 1.121475, 2.099193, -0.390098, -0.085904, -0.151238, -2.574856
0.220678, -0.169120, 1.111800, 2.090790, 2.745017, -0.089633, -0.151906, -2.560608
0.221864, -0.179406, 1.102148, 2.082415, 2.738556, -0.093391, -0.152586, -2.545905
0.223051, -0.189670, 1.092518, 2.074066, 2.732115, -0.097176, -0.153280, 0.610861
0.224237, -0.199913, 1.082906, 2.065739, 2.725693, -0.100987, -0.153988, 0.626520
0.225424, -0.210136, 1.073313, 2.057434, 2.719291, -0.104821, -0.154713, 0.642681
0.226610, -0.220338, 1.063736, 2.049147, 2.712909, -0.108677, -0.155457, 0.659356
0.227796, -0.230520, 1.054174, 2.040876, 2.706546, -0.112552, -0.156222, 0.676557
0.228983, -0.240682, 1.044628, 2.032619, 2.700204, -0.116443, -0.157010, 0.694296
0.230169, -0.250821, 1.035097, 2.024374, 2.693879, -0.120348, -0.157825, 0.712580
0.231356, -0.260939, 1.025581, 2.016139, 2.687572, -0.124263, -0.158667, 0.731418
0.232542, -0.271032, 1.016080, 2.007912, 2.681280, -0.128186, -0.159540, 0.750814
0.233729, -0.281100, 1.006595, 1.999693, 2.675001, -0.132114, -0.160446, 0.770773
0.234915, -0.291142, 0.997127, 1.991479, 2.668734, -0.136045, -0.161386, 0.791295
0.236102, -0.301155, 0.987678, 1.983270, 2.662476, -0.139976, -0.162362, 0.812381
0.237288, -0.311137, 0.978248, 1.975066, 2.656226, 2.997688, -0.163375, 0.834029
0.238474, -0.321088, 0.968839, 1.966866, 2.649980, 2.993763, -0.164426, 0.856234
0.239661, -0.331004, 0.959453, 1.958671, 2.643737, 2.989843, -0.165516, 0.878990
0.240847, -0.340884, 0.950093, 1.950481, 2.637494, 2.985930, -0.166644, 0.902290
0.242034, -0.350726, 0.940759, 1.942298, 2.631250, 2.982023, -0.167809, 0.926123
0.243220, -0.360529, 0.931455, 1.934122, 2.625002, 2.978125, -0.169011, 0.950479
0.244407, 2.771301, 0.922181, 1.925955, 2.618748, 2.974233, -0.170248, 0.975343
0.245593, 2.761580, 0.912940, 1.917798, 2.612488, 2.970348, -0.171520, 1.000700
0.246780, 2.751902, 0.903733, 1.909653, 2.606219, 2.966470, -0.172823, 1.026532
0.247966, 2.742268, -2.247030, 1.901522, 2.599942, 2.962596, -0.174155, 1.052819
0.249152, 2.732678, -2.256164, 1.893408, 2.593656, 2.958726, -0.175513, 1.079538
0.250339, 2.723131, -2.265259, 1.885312, 2.587360, 2.954858, -0.176896, 1.106665
0.251525, 2.713629, -2.274314, 1.877237, 2.581055, 2.950989, -0.178300, 1.134173
0.252712, 2.704170, -2.283330, 1.869184, 2.574741, 2.947117, -0.179721, 1.162030
0.253898, 2.694754, -2.292305, 1.861155, 2.568419, 2.943241, -0.181158, 1.190204
0.255085, 2.685380, -2.301240, 1.853153, 2.562091, 2.939358, -0.182607, 1.218659
0.256271, 2.676046, -2.310135, -1.296413, 2.555757, 2.935465, -0.184066, 1.247354
0.257457, 2.666750, -2.318991, -1.304357, 2.549420, 2.931561, -0.185531, -1.865344
0.258644, 2.657492, -2.327808, -1.312270, 2.543082, 2.927643, 2.954592, -1.836295
0.259830, 2.648269, -2.336587, -1.320151, 2.536744, 2.923708, 2.953119, -1.807140
0.261017, 2.639079, -2.345331, -1.328000, 2.530408, 2.919756, 2.951645, -1.777929
0.262203, 2.629920, -2.354040, -1.335815, 2.524078, 2.915785, 2.950172, -1.748714
0.263390, 2.620789, -2.362717, -1.343598, 2.517755, 2.911793, 2.948699, -1.719547
0.264576, 2.611684, -2.371363, -1.351347, 2.511442, 2.907779, 2.947229, -1.690483
0.265763, 2.602603, -2.379981, -1.359063, 2.505141, 2.903743, 2.945760, -1.661575
0.266949, 2.593544, -2.388572, -1.366748, 2.498855, 2.899685, 2.944292, -1.632878
0.268135, 2.584504, -2.397140, -1.374402, -0.649008, 2.895604, 2.942824, -1.604443
0.269322, 2.575482, -2.405687, -1.382027, -0.655260, 2.891501, 2.941357, -1.576320
0.270508, 2.566475, -2.414214, -1.389625, -0.661492, 2.887377, 2.939887, -1.548558
0.271695, 2.557481, -2.422725, -1.397196, -0.667703, 2.883233, 2.938413, -1.521200
0.272881, 2.548500, -2.431221, -1.404744, -0.673891, 2.879071, 2.936933, -1.494287
0.274068, 2.539530, -2.439704, -1.412270, -0.680056, 2.874892, 2.935445, -1.467855
0.275254, 2.530569, -2.448176, -1.419777, -0.686197, 2.870699, 2.933946, -1.441936
0.276441, 2.521618, -2.456639, -1.427266, -0.692314, 2.866493, 2.932435, -1.416557
0.277627, 2.512676, -2.465093, -1.434741, -0.698408, 2.862277, 2.930908, -1.391740
0.278813, 2.503743, -2.473541, -1.442204, -0.704479, 2.858053, 2.929362, -1.367503
0.280000, 2.494819, -2.481982, -1.449656, -0.710527, 2.853825, 2.927796, -1.343859
0.281186, 2.485904, -2.490418, -1.457100, -0.716554, 2.849594, 2.926207, -1.320815
0.282373, 2.476999, -2.498849, -1.464538, -0.722561, 2.845364, 2.924593, -1.298377
0.283559, 2.468106, -2.507273, -1.471972, -0.728550, 2.841137, 2.922952, -1.276544
0.284746, 2.459225, -2.515693, -1.479403, -0.734523, -0.304678, 2.921283, -1.255313
0.285932, 2.450358, -2.524105, -1.486833, -0.740481, -0.308893, 2.919584, -1.234679
0.287118, 2.441506, -2.532510, -1.494263, -0.746428, -0.313098, 2.917854, -1.214633
0.288305, 2.432671, -2.540907, -1.501693, -0.752365, -0.317292, 2.916093, -1.195165
0.289491, 2.423856, -2.549294, -1.509124, -0.758294, -0.321474, 2.914301, -1.176261
0.290678, 2.415062, -2.557669, -1.516556, -0.764218, -0.325641, 2.912478, -1.157909
0.291864, 2.406290, -2.566031, -1.523990, -0.770140, -0.329794, 2.910624, -1.140094
0.293051, 2.397544, -2.574377, -1.531424, -0.776062, -0.333932, 2.908740, 2.018791
0.294237, 2.388825, -2.582707, -1.538858, -0.781985, -0.338054, 2.906829, 2.035577
0.295424, 2.380136, -2.591017, -1.546292, -0.787912, -0.342162, 2.904891, 2.051871
0.296610, -0.770116, -2.599305, -1.553723, -0.793844, -0.346254, 2.902928, 2.067688
0.297796, -0.778742, -2.607570, -1.561150, -0.799784, -0.350334, 2.900944, 2.083043
0.298983, -0.787334, -2.615810, -1.568572, -0.805732, -0.354401, 2.898939, 2.097949
0.300169, -0.795891, 0.517571, -1.575987, -0.811689, -0.358457, 2.896918, 2.112419
0.301356, -0.804410, 0.509388, -1.583392, -0.817657, -0.362504, 2.894882, 2.126466
0.302542, -0.812893, 0.501236, -1.590786, -0.823635, -0.366544, 2.892835, 2.140102
0.303729, -0.821337, 0.493117, -1.598166, -0.829623, -0.370579, 2.890780, 2.153336
0.304915, -0.829743, 0.485032, -1.605530, -0.835622, -0.374612, 2.888719, 2.166180
0.306102, -0.838110, 0.476981, -1.612877, -0.841631, -0.378645, 2.886655, 2.178642
0.307288, -0.846439, 0.468967, -1.620202, -0.847649, -0.382680, -0.257003, 2.190731
0.308474, -0.854731, 0.460988, 1.514087, -0.853674, -0.386721, -0.259065, 2.202456
0.309661, -0.862985, 0.453046, 1.506809, -0.859706, -0.390769, -0.261123, 2.213824
0.310847, -0.871204, 0.445141, 1.499556, -0.865743, -0.394827, -0.263175, 2.224842
0.312034, -0.879388, 0.437271, 1.492332, -0.871782, -0.398897, -0.265220, 2.235517
0.313220, -0.887539, 0.429437, 1.485137, -0.877821, -0.402981, -0.267255, 2.245857
0.314407, -0.895659, 0.421638, 1.477972, -0.883859, -0.407081, -0.269280, 2.255868
0.315593, -0.903750, 0.413871, 1.470840, -0.889893, -0.411199, -0.271295, 2.265558
0.316779, -0.911813, 0.406137, 1.463739, -0.895921, -0.415336, -0.273300, 2.274933
0.317966, -0.919852, 0.398433, 1.456671, -0.901940, -0.419493, -0.275294, 2.284000
0.319152, -0.927869, 0.390757, 1.449636, -0.907947, -0.423671, -0.277278, 2.292768
0.320339, -0.935866, 0.383107, 1.442633, -0.913940, -0.427869, -0.279254, 2.301243
0.321525, -0.943846, 0.375481, 1.435662, 2.221675, -0.432088, -0.281222, 2.309435
0.322712, -0.951810, 0.367876, 1.428722, 2.215717, -0.436328, -0.283185, 2.317351
0.323898, -0.959763, 0.360291, 1.421812, 2.209779, -0.440588, -0.285145, 2.325001
0.325085, -0.967704, 0.352722, 1.414930, 2.203863, -0.444867, -0.287103, 2.332393
0.326271, -0.975638, 0.345167, 1.408074, 2.197971, -0.449163, -0.289062, 2.339537
0.327457, -0.983566, 0.337624, 1.401244, 2.192104, -0.453475, -0.291025, 2.346442
0.328644, -0.991490, 0.330090, 1.394436, 2.186263, -0.457800, -0.292994, 2.353119
0.329830, -0.999411, 0.322563, 1.387648, 2.180450, -0.462138, -0.294973, 2.359578
0.331017, -1.007331, 0.315040, 1.380879, 2.174664, -0.466484, -0.296964, 2.365828
0.332203, -1.015252, 0.307521, 1.374125, 2.168906, -0.470837, -0.298969, 2.371879
0.333390, -1.023173, 0.300002, 1.367384, 2.163176, -0.475194, -0.300993, 2.377743
0.334576, -1.031096, 0.292483, 1.360653, 2.157472, -0.479553, -0.303036, 2.383428
0.335763, -1.039020, 0.284961, 1.353929, 2.151795, -0.483910, -0.305102, 2.388944
0.336949, -1.046946, 0.277437, 1.347211, 2.146142, -0.488262, -0.307193, 2.394300
0.338135, -1.054874, 0.269909, 1.340496, 2.140513, 2.648985, -0.309310, -0.742086
0.339322, -1.062803, 0.262376, 1.333781, 2.134905, 2.644650, -0.311455, -0.737022
0.340508, -1.070731, 0.254840, 1.327064, 2.129317, 2.640326, -0.313630, -0.732091
0.341695, -1.078658, 0.247299, 1.320344, 2.123746, 2.636018, -0.315835, -0.727286
0.342881, -1.086583, 0.239754, 1.313619, 2.118191, 2.631726, -0.318070, -0.722601
0.344068, -1.094503, 0.232207, 1.306887, 2.112648, 2.627452, -0.320336, -0.718028
0.345254, -1.102417, 0.224658, 1.300147, 2.107114, 2.623199, -0.322632, -0.713563
0.346440, -1.110322, 0.217108, 1.293398, 2.101588, 2.618967, -0.324958, -0.709200
0.347627, -1.118217, 0.209559, 1.286641, 2.096066, 2.614758, -0.327312, -0.704936
0.348813, -1.126099, 0.202013, 1.279873, 2.090546, 2.610572, -0.329693, -0.700766
0.350000, -1.133965, 0.194472, 1.273097, 2.085024, 2.606409, -0.332099, -0.696687
0.351186, -1.141814, 0.186939, 1.266312, 2.079499, 2.602269, -0.334529, -0.692699
0.352373, -1.149642, 0.179415, 1.259519, 2.073967, 2.598151, -0.336979, -0.688798
0.353559, 1.984145, 0.171902, 1.252718, 2.068427, 2.594055, -0.339447, -0.684985
0.354746, 1.976365, 0.164405, 1.245913, 2.062876, 2.589980, -0.341930, -0.681259
0.355932, 1.968613, 0.156924, 1.239103, 2.057312, 2.585923, -0.344425, -0.677620
0.357118, 1.960891, -2.992129, 1.232291, 2.051735, 2.581883, -0.346928, -0.674068
0.358305, 1.953200, -2.999567, 1.225479, 2.046143, 2.577858, -0.349438, -0.670605
0.359491, 1.945544, -3.006980, 1.218669, 2.040534, 2.573846, -0.351949, -0.667231
0.360678, 1.937924, -3.014366, 1.211865, 2.034909, 2.569843, 2.787133, -0.663949
0.361864, 1.930340, -3.021723, 1.205068, 2.029267, 2.565847, 2.784626, -0.660759
0.363051, 1.922794, -3.029047, 1.198281, 2.023607, 2.561855, 2.782127, -0.657664
0.364237, 1.915288, -3.036338, 1.191507, 2.017932, 2.557864, 2.779637, -0.654664
0.365424, 1.907821, -3.043594, -1.956843, 2.012241, 2.553871, 2.777160, -0.651761
0.366610, 1.900394, -3.050814, -1.963583, 2.006536, 2.549872, 2.774698, -0.648957
0.367796, 1.893007, -3.057995, -1.970301, 2.000817, 2.545865, 2.772253, -0.646253
0.368983, 1.885659, -3.065138, -1.976994, 1.995088, 2.541847, 2.769827, -0.643648
0.370169, 1.878350, -3.072242, -1.983661, 1.989349, 2.537814, 2.767421, -0.641144
0.371356, 1.871079, -3.079307, -1.990299, 1.983604, 2.533765, 2.765035, -0.638741
0.372542, 1.863843, -3.086333, -1.996907, 1.977855, 2.529697, 2.762672, -0.636438
0.373729, 1.856642, -3.093320, -2.003481, 1.972104, 2.525607, 2.760329, -0.634234
0.374915, 1.849473, -3.100270, -2.010020, 1.966355, 2.521494, 2.758008, -0.632127
0.376101, 1.842334, -3.107183, -2.016523, 1.960611, 2.517357, 2.755707, -0.630117
0.377288, 1.835223, -3.114062, -2.022989, 1.954874, 2.513194, 2.753426, -0.628199
0.378474, 1.828137, -3.120907, -2.029418, -1.192444, 2.509004, 2.751162, -0.626373
0.379661, 1.821072, -3.127722, -2.035808, -1.198155, 2.504788, 2.748914, -0.624633
0.380847, 1.814027, -3.134508, -2.042161, -1.203850, 2.500544, 2.746679, -0.622977
0.382034, 1.806997, -3.141269, -2.048475, -1.209524, 2.496275, 2.744455, -0.621400
0.383220, 1.799980, 3.135179, -2.054753, -1.215174, 2.491979, 2.742239, -0.619897
0.384407, 1.792972, 3.128461, -2.060994, -1.220799, 2.487660, 2.740027, -0.618465
0.385593, 1.785970, 3.121759, -2.067201, -1.226395, 2.483317, 2.737816, -0.617097
0.386779, 1.778971, 3.115071, -2.073376, -1.231960, 2.478955, 2.735602, -0.615789
0.387966, 1.771971, 3.108393, -2.079520, -1.237493, 2.474573, 2.733382, -0.614535
0.389152, 1.764968, 3.101721, -2.085636, -1.242991, 2.470176, 2.731152, 2.528263
0.390339, 1.757959, 3.095053, -2.091727, -1.248453, 2.465766, 2.728908, 2.529425
0.391525, 1.750941, 3.088384, -2.097796, -1.253879, 2.461347, 2.726647, 2.530549
0.392712, 1.743912, 3.081712, -2.103846, -1.259266, 2.456921, 2.724365, 2.531641
0.393898, 1.736870, 3.075034, -2.109879, -1.264617, 2.452492, 2.722058, 2.532706
0.395085, 1.729813, 3.068346, -2.115901, -1.269929, -0.693528, 2.719723, 2.533748
0.396271, 1.722739, 3.061646, -2.121914, -1.275205, -0.697950, 2.717359, 2.534771
0.397457, 1.715648, 3.054932, -2.127923, -1.280445, -0.702364, 2.714961, 2.535781
0.398644, 1.708538, 3.048201, -2.133930, -1.285650, -0.706766, 2.712527, 2.536780
0.399830, 1.701410, 3.041452, -2.139939, -1.290823, -0.711152, 2.710057, 2.537772
0.401017, 1.694263, 3.034684, -2.145955, -1.295966, -0.715518, 2.707548, 2.538760
0.402203, 1.687098, 3.027895, -2.151979, -1.301081, -0.719861, 2.705000, 2.539745
0.403390, 1.679915, 3.021084, -2.158017, -1.306171, -0.724177, 2.702412, 2.540728
0.404576, 1.672717, 3.014252, -2.164070, -1.311239, -0.728464, 2.699785, 2.541712
0.405762, 1.665503, 3.007398, -2.170142, -1.316290, -0.732719, 2.697118, 2.542696
0.406949, 1.658278, 3.000524, -2.176235, -1.321326, -0.736940, 2.694413, 2.543680
0.408135, 1.651041, 2.993629, -2.182351, -1.326352, -0.741124, 2.691672, 2.544663
0.409322, 1.643798, 2.986715, -2.188492, -1.331371, -0.745270, 2.688895, 2.545642
0.410508, 1.636549, 2.979785, -2.194659, -1.336388, -0.749377, 2.686087, 2.546617
0.411695, 1.629299, 2.972840, -2.200854, -1.341408, -0.753444, 2.683249, 2.547585
0.412881, 1.622051, 2.965882, -2.207077, -1.346433, -0.757471, 2.680386, 2.548541
0.414068, -1.526783, 2.958915, -2.213328, -1.351470, -0.761459, 2.677499, 2.549483
0.415254, -1.534016, 2.951942, -2.219607, -1.356521, -0.765407, 2.674595, 2.550407
0.416440, -1.541235, 2.944966, -2.225913, -1.361591, -0.769318, 2.671677, 2.551307
0.417627, -1.548435, 2.937990, -2.232245, -1.366683, -0.773192, -0.472844, 2.552181
0.418813, -1.555614, -0.210573, -2.238602, -1.371801, -0.777033, -0.475777, 2.553021
0.420000, -1.562766, -0.217534, -2.244981, -1.376947, -0.780843, -0.478709, 2.553825
0.421186, -1.569888, -0.224482, -2.251380, -1.382126, -0.784626, -0.481637, 2.554586
0.422373, -1.576974, -0.231412, -2.257796, -1.387340, -0.788384, -0.484555, 2.555300
0.423559, -1.584022, -0.238320, -2.264226, -1.392589, -0.792121, -0.487458, 2.555962
0.424746, -1.591026, -0.245201, -2.270666, -1.397877, -0.795843, -0.490340, 2.556567
0.425932, -1.597984, -0.252050, -2.277113, -1.403204, -0.799554, -0.493199, 2.557111
0.427118, -1.604891, -0.258864, 0.858032, -1.408572, -0.803259, -0.496028, 2.557589
0.428305, -1.611745, -0.265637, 0.851586, -1.413979, -0.806962, -0.498824, 2.557999
0.429491, -1.618542, -0.272365, 0.845147, -1.419427, -0.810670, -0.501582, 2.558337
0.430678, -1.625280, -0.279045, 0.838720, -1.424914, -0.814387, -0.504300, 2.558600
0.431864, -1.631956, -0.285672, 0.832311, -1.430438, -0.818119, -0.506973, 2.558786
0.433051, -1.638568, -0.292243, 0.825924, -1.435999, -0.821872, -0.509600, 2.558894
0.434237, -1.645116, -0.298754, 0.819564, -1.441594, -0.825651, -0.512178, 2.558923
0.435423, -1.651597, -0.305202, 0.813238, -1.447219, -0.829461, -0.514705, 2.558873
0.436610, -1.658012, -0.311586, 0.806950, -1.452872, -0.833306, -0.517180, 2.558744
0.437796, -1.664360, -0.317902, 0.800705, -1.458549, -0.837193, -0.519603, 2.558538
0.438983, -1.670643, -0.324149, 0.794509, -1.464245, -0.841125, -0.521974, 2.558256
0.440169, -1.676860, -0.330325, 0.788366, 1.671636, -0.845107, -0.524293, 2.557902
0.441356, -1.683014, -0.336430, 0.782282, 1.665914, -0.849143, -0.526563, 2.557478
0.442542, -1.689106, -0.342463, 0.776261, 1.660188, -0.853235, -0.528784, 2.556989
0.443729, -1.695140, -0.348425, 0.770306, 1.654463, -0.857386, -0.530961, 2.556439
0.444915, -1.701118, -0.354316, 0.764424, 1.648744, -0.861600, -0.533097, 2.555834
0.446101, -1.707044, -0.360138, 0.758616, 1.643039, -0.865878, -0.535195, 2.555179
0.447288, -1.712922, -0.365891, 0.752886, 1.637354, -0.870222, -0.537260, -0.587111
0.448474, -1.718756, -0.371580, 0.747238, 1.631695, -0.874631, -0.539298, -0.587845
0.449661, -1.724553, -0.377205, 0.741674, 1.626070, -0.879107, -0.541315, -0.588609
0.450847, -1.730317, -0.382772, 0.736196, 1.620485, -0.883650, -0.543316, -0.589393
0.452034, -1.736054, -0.388283, 0.730806, 1.614947, -0.888258, -0.545309, -0.590191
0.453220, -1.741771, -0.393743, 0.725505, 1.609464, -0.892930, -0.547300, -0.590993
0.454407, -1.747474, -0.399156, 0.720295, 1.604042, -0.897664, -0.549299, -0.591792
0.455593, -1.753170, -0.404528, 0.715176, 1.598691, -0.902458, -0.551312, -0.592578
0.456779, -1.758866, -0.409864, 0.710148, 1.593416, -0.907309, -0.553348, -0.593342
0.457966, -1.764571, -0.415169, 0.705211, 1.588225, 2.229378, -0.555415, -0.594076
0.459152, -1.770291, -0.420451, 0.700366, 1.583127, 2.224423, -0.557523, -0.594771
0.460339, -1.776035, -0.425715, 0.695612, 1.578129, 2.219422, -0.559679, -0.595417
0.461525, -1.781812, -0.430968, 0.690949, 1.573240, 2.214379, -0.561894, -0.596006
0.462712, -1.787631, -0.436217, 0.686376, 1.568468, 2.209299, -0.564176, -0.596528
0.463898, -1.793500, -0.441468, 0.681894, 1.563822, 2.204187, -0.566536, -0.596975
0.465084, -1.799430, -0.446728, 0.677503, 1.559314, 2.199048, -0.568981, -0.597337
0.466271, -1.805431, -0.452005, 0.673206, 1.554954, 2.193886, -0.571523, -0.597607
0.467457, -1.811517, -0.457305, 0.669006, 1.550756, 2.188707, -0.574171, -0.597774
0.468644, -1.817701, -0.462636, 0.664908, 1.546736, 2.183515, -0.576937, -0.597830
0.469830, -1.823999, -0.468006, 0.660921, 1.542913, 2.178315, -0.579832, -0.597765
0.471017, -1.830433, -0.473421, 0.657058, 1.539311, 2.173111, -0.582870, -0.597570
0.472203, -1.837028, -0.478890, 0.653339, 1.535963, 2.167906, -0.586064, -0.597233
0.473390, -1.843820, -0.484421, 0.649792, 1.532911, 2.162702, -0.589432, -0.596743
0.474576, -1.850860, -0.490026, 0.646463, 1.530213, 2.157499, -0.592994, -0.596084
0.475762, -1.858223, -0.495718, 0.643420, 1.527955, 2.152297, -0.596778, -0.595241
0.476949, -1.866031, -0.501513, 0.640771, 1.526259, 2.147090, -0.600816, -0.594192
0.478135, -1.874488, -0.507439, 0.638692, 1.525319, 2.141867, -0.605155, -0.592909
0.479322, -1.883982, -0.513541, 0.637494, 1.525446, 2.136609, -0.609859, -0.591357
0.480508, 1.246257, -0.519908, 0.637760, 1.527185, 2.131283, 2.526574, -0.589485
0.481695, 1.230920, -0.526748, 0.640733, 1.531569, 2.125827, 2.520818, -0.587223
0.482881, 1.203945, -0.534700, 0.649579, 1.540825, 2.120121, 2.514243, -0.584466
0.484068, 1.100837, -0.547213, 0.675402, 1.560780, 2.113917, 2.506476, -0.581057
0.485254, -1.731026, -0.417251, 0.802727, 1.612945, 2.106594, 2.496830, -0.576743
0.486440, -1.851700, -0.536521, -2.853075, 1.885964, 2.096094, 2.483899, -0.571098
0.487627, -1.880336, -0.547670, -2.649489, -2.038862, 2.069265, 2.464307, -0.563341
0.488813, -1.896419, -0.555671, -2.617573, -1.811046, -0.925310, 2.427371, -0.551892
0.490000, -1.908401, -0.562879, -2.607318, -1.762969, -1.018428, 2.312976, -0.532998
0.491186, -1.918554, -0.569797, -2.604069, -1.744039, -1.032731, 0.197819, -0.495115
0.492373, -1.927742, -0.576595, -2.603986, -1.735077, -1.040670, -0.481460, -0.377770
0.493559, -1.936363, -0.583344, 0.535970, -1.730704, -1.046666, -0.553956, 1.378310
0.494745, -1.944627, -0.590081, 0.533282, -1.728826, -1.051780, -0.583280, 2.350485
0.495932, -1.952651, -0.596823, 0.529892, -1.728465, -1.056394, -0.600426, 2.440605
0.497118, -1.960507, -0.603578, 0.526000, -1.729100, -1.060683, -0.612463, 2.473213
0.498305, -1.968238, -0.610350, 0.521733, -1.730432, -1.064737, -0.621875, 2.490161
0.499491, -1.975873, -0.617140, 0.517172, -1.732279, -1.068609, -0.629758, 2.500613
0.500678, -1.983430, -0.623948, 0.512373, -1.734521, -1.072333, -0.636668, 2.507728
0.501864, -1.990922, -0.630770, 0.507377, -1.737079, -1.075934, -0.642915, 2.512885
0.503051, -1.998355, -0.637604, 0.502215, -1.739897, -1.079429, -0.648685, 2.516778
0.504237, -2.005733, -0.644446, 0.496910, -1.742937, -1.082832, -0.654096, 2.519794
0.505423, -2.013060, -0.651293, 0.491480, -1.746170, -1.086155, -0.659225, 2.522165
0.506610, -2.020335, -0.658139, 0.485943, 1.392018, -1.089409, -0.664123, 2.524038
0.507796, -2.027559, -0.664980, 0.480310, 1.388459, -1.092603, -0.668825, 2.525511
0.508983, -2.034730, -0.671811, 0.474594, 1.384757, -1.095746, -0.673359, 2.526651
0.510169, -2.041847, -0.678628, 0.468805, 1.380923, -1.098846, -0.677741, -0.614086
0.511356, -2.048908, -0.685426, 0.462953, 1.376966, -1.101912, -0.681985, -0.613481
0.512542, -2.055912, -0.692200, 0.457046, 1.372893, -1.104952, -0.686101, -0.613098
0.513729, -2.062855, -0.698947, 0.451094, 1.368711, -1.107972, -0.690097, -0.612918
0.514915, -2.069737, -0.705661, 0.445103, 1.364426, -1.110982, -0.693977, -0.612922
0.516101, -2.076554, -0.712338, 0.439082, 1.360043, -1.113986, -0.697746, -0.613097
0.517288, -2.083306, -0.718976, 0.433037, 1.355568, -1.116993, -0.701409, -0.613430
0.518474, -2.089991, -0.725568, 0.426976, 1.351006, -1.120009, -0.704968, -0.613911
0.519661, -2.096608, -0.732114, 0.420904, 1.346363, -1.123040, -0.708428, -0.614530
0.520847, -2.103155, -0.738609, 0.414828, 1.341643, -1.126092, -0.711789, -0.615277
0.522034, -2.109632, -0.745050, 0.408754, 1.336851, -1.129170, -0.715056, -0.616144
0.523220, -2.116038, -0.751435, 0.402687, 1.331994, -1.132279, -0.718232, -0.617122
0.524406, -2.122373, -0.757763, 0.396634, 1.327076, 2.006168, -0.721320, -0.618203
0.525593, -2.128638, -0.764030, 0.390598, 1.322102, 2.002982, -0.724323, -0.619379
0.526779, -2.134832, -0.770237, 0.384586, 1.317079, 1.999752, -0.727245, -0.620642
0.527966, -2.140958, -0.776381, 0.378601, 1.312011, 1.996475, -0.730090, -0.621984
0.529152, -2.147015, -0.782462, 0.372647, 1.306904, 1.993149, -0.732862, -0.623397
0.530339, -2.153007, -0.788480, 0.366729, 1.301764, 1.989770, -0.735566, -0.624873
0.531525, -2.158933, -0.794434, 0.360849, 1.296595, 1.986338, -0.738206, -0.626405
0.532712, -2.164798, -0.800326, 0.355011, 1.291404, 1.982850, -0.740787, -0.627985
0.533898, -2.170602, -0.806156, 0.349217, 1.286195, 1.979306, -0.743315, -0.629605
0.535084, -2.176349, -0.811925, 0.343471, 1.280975, 1.975707, -0.745794, -0.631259
0.536271, -2.182042, -0.817635, 0.337773, 1.275747, 1.972051, -0.748230, -0.632939
0.537457, -2.187685, -0.823288, 0.332125, 1.270517, 1.968340, -0.750630, -0.634639
0.538644, -2.193279, -0.828885, 0.326529, 1.265290, 1.964575, -0.752997, -0.636352
0.539830, -2.198830, -0.834429, 0.320985, 1.260070, 1.960757, -0.755338, -0.638071
0.541017, -2.204340, -0.839922, 0.315494, 1.254862, 1.956888, -0.757659, -0.639791
0.542203, -2.209814, -0.845368, 0.310056, 1.249670, 1.952970, -0.759966, -0.641506
0.543390, -2.215256, -0.850770, 0.304671, 1.244497, 1.949005, -0.762262, -0.643210
0.544576, -2.220669, -0.856131, 0.299337, 1.239348, 1.944998, -0.764555, -0.644899
0.545762, -2.226057, -0.861453, 0.294055, 1.234226, 1.940949, -0.766849, -0.646569
0.546949, -2.231425, -0.866742, 0.288822, 1.229133, 1.936864, -0.769149, -0.648214
0.548135, -2.236776, -0.872000, 0.283637, 1.224073, 1.932744, 2.370134, -0.649832
0.549322, -2.242114, -0.877232, 0.278498, 1.219048, 1.928595, 2.367808, -0.651419
0.550508, -2.247444, -0.882440, 0.273403, 1.214060, 1.924419, 2.365463, -0.652973
0.551695, 0.888825, -0.887629, 0.268349, 1.209111, 1.920220, 2.363095, -0.654491
0.552881, 0.883503, -0.892802, 0.263335, 1.204202, 1.916003, 2.360700, -0.655972
0.554067, 0.878179, -0.897964, 0.258357, 1.199335, 1.911772, 2.358276, -0.657414
0.555254, 0.872850, -0.903117, 0.253412, 1.194509, 1.907529, 2.355820, -0.658817
0.556440, 0.867514, 2.233327, 0.248497, 1.189726, 1.903280, 2.353329, -0.660180
0.557627, 0.862167, 2.228181, 0.243609, 1.184985, 1.899028, 2.350802, -0.661503
0.558813, 0.856808, 2.223032, 0.238745, 1.180287, 1.894776, 2.348237, -0.662786
0.560000, 0.851433, 2.217879, 0.233901, 1.175630, 1.890529, 2.345633, -0.664032
0.561186, 0.846041, 2.212718, 0.229074, 1.171014, 1.886291, 2.342990, -0.665240
0.562373, 0.840631, 2.207548, 0.224260, 1.166438, 1.882063, 2.340306, -0.666413
0.563559, 0.835201, 2.202365, 0.219457, 1.161899, 1.877850, 2.337583, -0.667553
0.564745, 0.829749, 2.197167, -2.926932, 1.157398, 1.873655, 2.334820, -0.668663
0.565932, 0.824275, 2.191953, -2.931724, 1.152931, 1.869479, 2.332019, -0.669744
0.567118, 0.818779, 2.186721, -2.936515, 1.148496, 1.865327, 2.329180, -0.670800
0.568305, 0.813260, 2.181469, -2.941308, 1.144092, 1.861199, 2.326305, -0.671834
0.569491, 0.807718, 2.176197, -2.946106, 1.139716, 1.857099, 2.323395, -0.672849
0.570678, 0.802153, 2.170904, -2.950912, 1.135364, 1.853027, 2.320453, -0.673850
0.571864, 0.796566, 2.165589, -2.955727, 1.131036, 1.848985, 2.317481, -0.674838
0.573051, 0.790958, 2.160251, -2.960554, 1.126727, 1.844975, 2.314480, -0.675819
0.574237, 0.785329, 2.154892, -2.965395, 1.122434, 1.840996, 2.311455, -0.676796
0.575423, 0.779680, 2.149511, -2.970251, 1.118156, 1.837051, 2.308406, -0.677772
0.576610, 0.774014, 2.144108, -2.975125, 1.113889, 1.833139, 2.305338, 2.462842
0.577796, 0.768331, 2.138685, -2.980017, -2.031963, 1.829260, 2.302253, 2.461856
0.578983, 0.762633, 2.133241, -2.984928, -2.036217, 1.825413, 2.299154, 2.460860
0.580169, 0.756922, 2.127779, -2.989859, -2.040468, 1.821599, 2.296044, 2.459850
0.581356, 0.751200, 2.122300, -2.994811, -2.044720, 1.817817, 2.292927, 2.458824
0.582542, 0.745469, 2.116804, -2.999784, -2.048974, 1.814065, 2.289804, 2.457778
0.583728, 0.739732, 2.111294, -3.004777, -2.053233, 1.810342, 2.286680, 2.456710
0.584915, 0.733989, 2.105772, -3.009791, -2.057499, 1.806647, 2.283557, 2.455617
0.586101, 0.728244, 2.100239, -3.014826, -2.061775, 1.802979, 2.280438, 2.454497
0.587288, 0.722499, 2.094697, -3.019880, -2.066063, 1.799334, 2.277325, 2.453349
0.588474, 0.716756, 2.089148, -3.024953, -2.070363, 1.795712, 2.274222, 2.452169
0.589661, 0.711017, 2.083595, -3.030044, -2.074679, 1.792111, 2.271130, 2.450958
0.590847, 0.705284, 2.078039, -3.035151, -2.079010, 1.788527, 2.268052, 2.449714
0.592034, 0.699561, 2.072483, -3.040274, -2.083359, 1.784960, 2.264991, 2.448436
